{"cameraMode":{"drawMode":0,"name":"Shaded","section":"Shading Mode"},"sceneLighting":false,"audioPlay":false,"sceneViewState":{"showFog":true,"showMaterialUpdate":false,"showSkybox":true,"showFlares":true,"showImageEffects":true,"showParticleSystems":true},"in2DMode":false,"pivot":{"x":0.6753205060958862,"y":0.2270505428314209,"z":0.8609714508056641},"rotation":{"x":-0.23777194321155549,"y":0.0428166389465332,"z":-0.010491839610040188,"w":-0.9703201651573181},"size":2.8578836917877199,"orthographic":false}