{"cameraMode":{"drawMode":0,"name":"Shaded","section":"Shading Mode"},"sceneLighting":false,"audioPlay":false,"sceneViewState":{"showFog":true,"showMaterialUpdate":false,"showSkybox":true,"showFlares":true,"showImageEffects":true,"showParticleSystems":true},"in2DMode":false,"pivot":{"x":-0.10734330117702484,"y":0.4581211805343628,"z":1.058699607849121},"rotation":{"x":-0.2116648107767105,"y":0.01670936308801174,"z":-0.003619198687374592,"w":-0.9771928191184998},"size":4.447861194610596,"orthographic":false}